アドアーズ札幌狸小路店,札幌市中央区南3条西4丁目12-1アルシュビル5・6F,すすきの駅,,43.0570774,141.3525452
タイトーステーション札幌狸小路2丁目店,札幌市中央区南3条西2丁目14,すすきの駅,,43.0573631,141.3554598
ディノスパーク札幌中央,札幌市中央区南3西1丁目8番地ディノス札幌中央（旧スガイビル）B1F～2F,豊水すすきの駅だがすすきの駅でもそう変わりません,,43.056847,141.35658
ディノスパークノルベサ,札幌市中央区南3条西5丁目ノルベサ5F,すすきの駅,,43.056091,141.350924
namcoサッポロファクトリー店,札幌市中央区北1条東4丁目1-1サッポロファクトリー1条館2F,,,43.065437,141.363049
namco札幌エスタ店,札幌市中央区北5条西2丁目1-1札幌エスタ9F,札幌駅,旧・ワンダーパーク札幌,43.0675429,141.3528279
モーリーファンタジー札幌桑園店,札幌市中央区北8条西14丁目28イオン札幌桑園店2F,,,43.0694335,141.3330813
ラウンドワン札幌すすきの店,札幌市中央区南5条西3丁目6番地1,,,43.0542218,141.353999
アドアーズ北42条店,札幌市東区北42条東7丁目1-1,麻生駅からバス,,43.1120673,141.3553316
キャッツアイ東苗穂店,札幌市東区東苗穂6条2丁目1-25,新道東駅からバス,,43.0923715,141.4069116
ソユーゲームフィールド札幌苗穂店,札幌市東区東苗穂2条3丁目1-1イオンモール札幌苗穂2F,,旧・SOYU PHYSIスポ札幌苗穂店,43.0798532,141.4038107
モーリーファンタジー札幌苗穂店,札幌市東区東苗穂2条3丁目1-1イオンモール札幌苗穂2F,,,43.0798532,141.4038107
モーリーファンタジー札幌元町店,札幌市東区北31条東15丁目1-1イオン札幌元町店3F,,,43.1013209,141.3681533
ラウンドワンスタジアム札幌北21条店,札幌市東区北21条東1丁目1-21,北24条駅,北海道のラウンドワン4店舗はいずれも送迎バスあり,43.0866927,141.3497058
ソユーゲームフィールド札幌発寒店,札幌市西区発寒8条12丁目1番地イオンモール札幌発寒3F,,旧・Famiu HASSAMU,43.096168,141.27692
プラボ札幌西町店,札幌市西区西町北13丁目1ワンダーシティ札幌内,,,43.08241599999999,141.2836782
モーリーファンタジー札幌琴似店,札幌市西区琴似2条4丁目2-2イオン琴似店3F,,,43.07675,141.302949
モーリーファンタジー札幌発寒店,札幌市西区発寒8条12丁目1-1イオンモール札幌発寒店3F,,,43.095447,141.277821
キャッツアイ麻生店,札幌市北区北40条西4丁目1-1パッテス麻生1F（旧パボッツ）,麻生駅,,43.107887,141.339691
キャッツアイ篠路店,札幌市北区篠路1条4丁目6-30,,,43.1406522,141.3571908
キャッツアイ新川店,札幌市北区新川2条7丁目1-7,,,43.1007562,141.3102418
G-Baoa.g（ジーバオアグー）,札幌市北区北23条西5丁目1-33,北24条駅,旧・ゲームインセブンイレブン,43.0890117,141.3429285
MAXIM HERO店,札幌市北区北区北6西6丁目鉄道高架下,札幌駅が圧倒的に近いです,,43.0674121,141.3456862
モーリーファンタジー札幌麻生店,札幌市北区北39条西4丁目1-5イオン札幌麻生店4F,,,43.1072495,141.3397108
キャッツアイ新札幌店,札幌市厚別区厚別東5条1丁目,,,43.0469509,141.4762025
モーリーファンタジー新さっぽろ店,札幌市厚別区厚別中央2条5丁目6-2新札幌アークシティduo22F,,,43.0387125,141.4733193
キャッツアイ清田店,札幌市清田区清田1条1丁目20-1,福住駅からバス,,43.00423199999999,141.4342448
タイトーステーションイオンモール札幌平岡店,札幌市清田区平岡3条5丁目3-1イオンモール札幌平岡2Ｆ,,,42.997239,141.458711
ベガジオ美しが丘店,札幌市清田区美しが丘1条7丁目6-10,,,42.9809717,141.4631437
モーリーファンタジー札幌平岡店,札幌市清田区平岡3条5丁目3-1イオンモール札幌平岡2F,,,42.997239,141.458711
キャッツアイ栄通店,札幌市白石区栄通19丁目11-43,,,43.0254103,141.43656
ゲームインピエロ,札幌市白石区北郷3条2丁目,,金・土・日曜のみの営業なので注意,43.0635943,141.4089383
モーリーファンタジー東札幌店,札幌市白石区東札幌3条2丁目1イオン東札幌店2F,,旧・らんらんらんど東札幌店,43.05274530000001,141.3854776
ラウンドワンスタジアム札幌白石本通店,札幌市白石区本通16丁目北1-50,,,43.0368728,141.4328791
キャッツアイ手稲店,札幌市手稲区前田3条10丁目2-21,,,43.1222494,141.249882
キラキラAsobox札幌手稲店,札幌市手稲区前田5条13丁目3-1トライアル手稲2F,,,43.1279153,141.2475095
キラキラAsoboxドン・キホーテ手稲店,札幌市手稲区 前田5条11丁目7-10ドン・キホーテ手稲店1F,,,43.1260538,141.2528535
ディノスパーク札幌手稲,札幌市手稲区前田1条11丁目西友手稲店3F,手稲駅は絶対に近い,,43.1203967,141.2452324
モーリーファンタジー手稲山口店,札幌市手稲区明日風6丁目1-1イオンSC手稲山口店1F,,,43.1418964,141.2338875
モーリーファンタジー星置店,札幌市手稲区星置1条2丁目ラッキー星置駅前店1F,,,43.132869,141.211642
キャッツアイミュンヘン大橋店,札幌市豊平区平岸1条23丁目,,,43.0144787,141.3549791
G-Baoa.g平岸店,札幌市豊平区平岸5条9丁目,,旧・ゲームインポパイ,43.0323521,141.3780677
アミューズメントスペース遊ランド旭川店,旭川市西御料5条2丁目,西御料駅が近いでしょう,,43.7227943,142.3692708
アミューズメントスペース遊ランド春光店,旭川市春光1条7丁目2-25,,旧・フラミンゴパラダイス,43.7981968,142.3740362
キラキラAsobox旭川店,旭川市永山12条3丁目122-39ウエスタンパワーズ2F,,旧・ユニックス,43.7793654,142.4137362
ソユーゲームフィールド旭川駅前店,旭川市宮下通7丁目2-5イオンモール旭川駅前4F,,,43.763844,142.3572296
ソユーゲームフィールド旭川西店,旭川市緑町23丁目2161-3イオンモール旭川西3F,,旧・SOYU遊戯街ロマン通り旭川西店,43.793938,142.326353
ディノスパーク旭川,旭川市大雪通5丁目496-5第8山本ビル1F,旭川駅近辺からバス,,43.7785799,142.388066
ファンタジープラザ旭川店,旭川市春光1条8丁目1-65MEGAドン・キホーテ旭川店2F,,,43.7985177,142.3781744
モーリーファンタジー旭川西店,旭川市緑町23丁目2161-3イオンモール旭川西2F,,,43.793938,142.326353
モーリーファンタジー旭川パルプ店,旭川市パルプ町1条2丁目505-2ショッピングセンターパルプタウン内,,旧・らんらんらんど旭川パルプ店,43.7753517,142.3846402
ラウンドワンスタジアム旭川店,旭川市永山3条1丁目4-7,旭川駅近辺からバス,最北端ラウンドワン,43.7868324,142.397073
PALO網走店,網走市駒場北5丁目83番地駒場ショッピングタウン内,,,44.0021375,144.2842273
モーリーファンタジー石狩緑苑台店,石狩市緑苑台中央1-2イオンSC石狩緑苑台店1F,,,43.1586089,141.3353469
キャッツアイ恵庭店,恵庭市住吉町2丁目9-1,バスは千歳から乗るとよいでしょう（福住からでは運賃がかなりかかります）,,42.8758656,141.5834345
キラキラAsobox江別店,江別市野幌町10-1イオンタウン江別SC2F,,,43.0951722,141.5255052
PALO江別店,江別市幸町35イオン江別店3F,,旧・モーリーファンタジー江別店,43.0968773,141.5333961
ナムコランド小樽店,小樽市築港11番5号 WING BAY OTARU5番街 2F,小樽築港駅徒歩6分,,43.1822911,141.0261187
プラボ小樽店,小樽市築港11番5号WING BAY OTARU5番街 3F,小樽築港駅徒歩6分,2Fと3Fは法的にも違う店舗。どちらも閉店早いので注意,43.18383499999999,141.022487
namcoウィングベイ小樽店,小樽市築港11番5号WING BAY OTARU1番街 3F,小樽築港駅徒歩2分,NL小樽店、PLABO小樽店とはいずれも違います。小樽のナムコ3店舗はいずれも閉店早いので注意,43.1820616,141.026859
ディノスパーク帯広,帯広市白樺16条西2丁目2-5ドリームタウン白樺内,帯広駅からバス,,42.9187004,143.1732756
ディノスパーク帯広稲田,帯広市稲田町南8線西12-1スズランボウル内,帯広駅からバス,旧・セガワールドスズラン,42.8901669,143.1963268
ファンタジープラザ帯広店,帯広市西4条南12-3長﨑屋帯広店,,,42.9179438,143.1992974
ファンタジープラザ西帯広店,帯広市西21条南4-1MEGAドン・キホーテ西帯広店2F,,,42.9121759,143.1435714
ディノスパーク北見,北見市西三輪5丁目1-16,北見駅からバス西北見駅から徒歩も可,旧・ゲオパーク北見,43.7964949,143.8426278
BIGBANG北見店,北見市三輪町7丁目446-1,北見駅からバス,旧・セガワールド北見,43.7970421,143.8513939
ギャラクシーゲート星が浦,釧路市星が浦2丁目5,釧路駅からバス,旧・セガワールド星が浦,43.0140186,144.3199548
タイトーステーションイオンモール釧路昭和店,釧路市昭和中央4-18-1イオンモール釧路昭和2F,釧路駅からバス本数的にはGG星が浦より多いでしょう,,43.02714479999999,144.3608397
ハロータイトー釧路貝塚,釧路市貝塚3丁目2-28コープさっぽろ貝塚店内,,,42.9962099,144.4102242
モーリーファンタジー釧路昭和店,釧路市昭和中央4-18-1イオンモール釧路昭和2F,,,43.02714479999999,144.3608397
アミューズメントスペース遊ランド士別店,士別市大通東8丁目,士別駅徒歩11分,旧・スターボウル,44.1738867,142.393696
PALO滝川店,滝川市東町2丁目19-1イオン滝川店内,滝川駅からバス,旧・らんらんらんど滝川店,43.5541652,141.9312072
BIGBANG滝川店,滝川市東町1丁目8-14,滝川駅からバス,,43.5544844,141.9249272
ディノスパーク伊達,伊達市末永町66-1,伊達紋別駅徒歩18分,旧・ゲオパーク伊達,42.474045,140.8675755
アピナ新千歳空港店,千歳市美々1新千歳空港(国内線)旅客ターミナルビル4F,,,42.7873196,141.6813251
タイトーステーション千歳店,千歳市北栄2-12-5,,旧・セガワールド千歳,42.833406,141.6450646
ディノスパーク苫小牧,苫小牧市柳町3丁目8-182イオンモール苫小牧2F,苫小牧駅から無料シャトルバスあり,,42.65633,141.642023
PALO苫小牧店,苫小牧市糸井135-1,,,42.6136528,141.5232791
ファンタジープラザ苫小牧店,苫小牧市木場町1丁目6-1MEGAドン・キホーテ苫小牧店2F,,,42.6411537,141.5954256
モーリーファンタジー苫小牧店,苫小牧市柳町3丁目8-182イオンモール苫小牧2F,,,42.65633,141.642023
モーリーファンタジー名寄店,名寄市字徳田80番地1イオン名寄ショッピングセンター2F,,,44.3386398,142.4522703
モーリーファンタジー登別店,登別市若山町4-33-1イオン登別店2F,,,42.3813493,141.0684675
ギャラクシーゲート函館,函館市昭和3丁目31-12,,,41.8241628,140.7350463
ディノスパーク函館昭和,函館市昭和3丁目24-18ゲオ函館昭和店内,,旧・ゲオパーク函館昭和,41.8192467,140.7343633
BIGBANG函館店,函館市梁川町9丁目3テキサス函館3F,,,41.7890197,140.7443223
モーリーファンタジー湯ノ川店,函館市湯川町3丁目14-5イオン湯川店1・2F,,旧・らんらんらんど湯ノ川店,41.777669,140.7940587
ラウンドワンスタジアム函館店,函館市西桔梗町848-11,,,41.82459,140.7174504
深川セントラルボウル,深川市音江町字豊泉3,深川市立病院からバス(深川駅からは出ていません）,毎週水曜定休日,43.6918725,142.0569615
アミューズメントスペース遊ランド富良野店,富良野市弥生町5-50,,旧・アミューズメントAER,43.3442505,142.3785285
キラキラAsobox函館七重浜店,北斗市七重浜7丁目15ー13七重浜ドン・キホーテ2F,,,41.819382,140.69508
ディノスパーク上磯,北斗市七重浜7丁目14番地1スーパーセンタートライアル上磯店内,,旧・アミューズメントシティトライアル上磯,41.82083739999999,140.6978282
モーリーファンタジー上磯店,北斗市七重浜4丁目44-1イオン上磯店1F,,旧・らんらんらんど上磯店,41.8218098,140.7122666
モーリーファンタジー三笠店,三笠市岡山1059-1イオンSC三笠店,,,43.24354,141.805544
ディノスパーク室蘭,室蘭市東町4丁目31-2,東室蘭駅からバス、徒歩,旧・室蘭グランドボウル,42.3422054,141.025922
ディノスパーク室蘭中央,室蘭市中央町3丁目1-8スーパーアークス室蘭中央店3F,,,42.316085,140.9757629
BIGBANG室蘭店,室蘭市中島本町2丁目8-1,東室蘭駅からバス、徒歩,,42.3536988,141.0147029
アミューズメントスペース遊ランド紋別店,紋別市本町4丁目1-35旭川第一興商紋別ビル2F,,,44.3526153,143.3543942
光速憧路,稚内市港町5丁目8-15,南稚内駅が近いですが稚内駅からバスのほうが有利,,45.400741,141.6808899
ディノスパーク音更,河東郡音更町木野大通西15丁目2-12ビッグマートB棟,,,42.9663111,143.2055759
PALO釧路店,釧路郡釧路町桂木1丁目1-7イオン釧路店2F,,旧・モーリーファンタジー釧路店,43.0089993,144.4049066
BIGBANG釧路店,釧路郡釧路町木場2丁目,釧路駅からバス,,43.009389,144.4088711
モーリーファンタジー中標津店,標津郡中標津町南町3番地10東武サウスヒルズ1F,標茶駅からバスになりますが…,旧・らんらんらんど中標津店,43.5362531,144.9777948
モーリーファンタジー八雲店,二海郡八雲町東雲町20-5マックスバリュー八雲店1F,,旧・らんらんらんど八雲店,42.249933,140.2839
T/S青森アムゼ店,青森市緑3-9-2 サンロード青森内,青森駅からバス,旧：アムゼ,40.8076429,140.7531454
青森メトロポリス本館,青森市三好1-15-8ガーラタウン内,R7沿い。青森駅からバス,新青森駅からの徒歩はかなり距離があるでしょう。,40.834839,140.7024976
ラウンドワン青森店,青森市浜田3-1-1 ドリームタウンアリー内,青森駅からバス,,40.7992729,140.7487275
T/S青森ガーラモール店,青森市三好2-3-19 マエダ西バイパス店2F,R7沿い。青森駅からバス,旧：ゲームプラザカーニバル,40.832798,140.702637
アオモリボウル,青森市安方1-9-15,,,40.82889060000001,140.7397928
モーリーファンタジー平賀店,平川市小和森上松岡193-1マックスバリュ平賀店1F,平賀駅が近い,,40.5912158,140.5662145
スペースファンタジーインフィニ,弘前市城東北3-10-1さくら野弘前店本館4F,アラモード同様,,40.6067634,140.4958961
友栄ファミリーランド弘前店,弘前市駅前3-3-1 イトーヨーカドー弘前店4F,駅東口から右方面へ,,40.599741,140.481073
ゲームフェスタミタマ,弘前市大字駅前町5-5,弘前駅西口前すぐ目の前,,40.5983865,140.4835492
スペースイン,弘前市土手町39 土手町商店街,中三弘前店近くしたどてスカイパーク駐車場隣り,,40.597514,140.476602
セガ弘前,弘前市大字末広1-3-3,R7沿い、弘果隣り弘前駅東口から100円バスあり,旧：セガワールドアクティバセガ直営では最北端になります,40.6040919,140.4999527
パロ 黒石店,黒石市富士見103番地3 アクロスプラザ黒石内,,,40.6670749,140.601504
らんらんらんど 鶴田店,北津軽郡鶴田町大字鶴田字中泉245-1 鶴田フットリバーモール1F,,,40.7644046,140.4413353
モーリーファンタジー藤崎店,南津軽郡藤崎町大字西豊田1-7-1　イオン藤崎店1F,,,40.6572329,140.5014235
パロ五所川原店,五所川原市唐笠柳字藤巻641-1アクロスプラザ五所川原内,,交通機関があまりないのでエルム街近くを目印に,40.8015051,140.4620477
namcoエルムの街ショッピングセンター店,青森県五所川原市大字唐笠柳字藤巻517番1エルムの街ショッピングセンターC棟2F,五所川原駅からバス,旧：NL五所川原エルム店,40.7987369,140.4538322
プラサカプコンつがる柏店,つがる市柏稲盛幾世41　イオンモールつがる柏シネマ館1F,R101沿い。公共交通なら五所川原駅からバス,旧：～柏村店毎週土・日・祝の日にはカプコン直営店恒例のビンゴ大会を開催している,40.8023192,140.4177963
モーリーファンタジーつがる柏店,つがる市柏稲盛幾世41　イオンモールつがる柏1F,,,40.8024658,140.4171958
セガワールド八戸R45,八戸市城下4-1-29,本八戸駅徒歩15分だがバスも可八戸駅からでは乗継になります,,40.5194856,141.4900565
らんらんらんど 三春屋店,八戸市十三日町13 三春屋5F,,,40.5092763,141.4887551
モーリーファンタジー八戸田向店店,八戸市大字田向字毘沙門平27-1イオン八戸田向店1F,,,40.491965,141.5094889
チーノランド八戸,八戸市十三日町16 cino6F,八戸駅からバスは圧倒的に楽,ビデオゲームは無い レースゲー・音ゲーは最新のものがあるただし営業時間に注意（10:00～19:00）,40.5081232,141.4887712
らんらんらんど 三沢店,三沢市松園町3-10-1 ビードルプラザ三沢店1F,,,40.674993,141.36303
モーリーファンタジー十和田店,十和田市大字相坂字六日町山166-1イオンスーパーセンター十和田店1F,,,40.6034412,141.2570638
ルック・ワールド,十和田市大沢田池ノ平124-2,R4沿い,,40.6757521,141.1752312
ユーズランド下田店,上北郡おいらせ町中野平40-1イオンモール下田内,R45沿い。公共交通は下田からのほうがいいでしょう（八戸からのバスは休日の運転が劇的に減っています）,旧：Ｆ．Ｗ．シーマーク青森下田店,40.6020431,141.4182131
モーリーファンタジー下田店,上北郡おいらせ町中野平40-1イオンモール下田内,同上,,40.6020431,141.4182131
H/T新七戸店,上北郡七戸町字荒熊内67番地990　イオン七戸十和田駅前店内,R4沿い。最寄駅は七戸十和田です,新規開店。ただしT/Sを名乗っていません,40.7188397,141.1554619
H/Tむつ,むつ市小川町2－4－8 マエダストア4Ｆ,R338沿い。公共交通では下北駅になります。,,41.2929102,141.2078406
パロむつ店,むつ市中央2-7-8,,,41.2869046,141.1836814
ラウンドワンスタジアム盛岡店,盛岡市盛岡駅西通2-1-35,,盛岡駅の裏,39.6964532,141.1403269
サンシャイン,盛岡市大通2-7-21ソレントビル 1F-2F,,閉店時間に注意,39.7032553,141.1455762
みらい夢津志田店,盛岡市津志田南３丁目１５－４５,,旧「DEAD BALL」、経営母体の倒産及び名義変更により改名,39.6576967,141.14785
T/S盛岡南店,盛岡市津志田町2-1-77,R4沿い。公共交通なら盛岡からバス「津志田北」下車,旧：S/T盛岡南,39.6667266,141.1571125
T/S盛岡マッハランド店,盛岡市上堂1-2-38,IGR青山駅が最寄ですがバスのほうが楽?,旧：S/T マッハ,39.7237445,141.1268941
パロ盛岡店,盛岡市上堂4-13-14 ステーションパーク盛岡内,,,39.7293106,141.1222026
ソユーゲームフィールド盛岡南店,盛岡市本宮七丁目1番1号　イオンモール盛岡南1F,,イオンモール盛岡と間違えないように!!,39.68333490000001,141.1279861
プラサカプコン盛岡店,盛岡市前潟4-7-1　イオンモール盛岡2F,,イオンモール盛岡南と間違えないように!!,39.711884,141.0989833
ゲームヴィクト盛岡,盛岡市大通2-6-11　日興産業ビル地下1階,,旧：ハイテクセガ盛岡25時まで営業,39.70368,141.14521
テクノワールド,奥州市江刺区愛宕梁川１２７−１,,同市水沢区佐倉河字後通41-1より移転,39.1792419,141.1621682
セガワールド水沢,奥州市水沢区佐倉河字鎧田4-1,,,39.1527085,141.1493483
アミューズメント Nexus(ネクサス),奥州市水沢区佐倉河道下26-1　アミューズメントボックスLIVE １F,4号線沿い,旧：ジャンボボウル,39.1573501,141.1461136
サンキング,奥州市水沢区字横町2番1号 メイプル 4F,,,39.140758,141.141155
G3ポロスイオンタウン北上店,北上市里分4-20-1,,旧：～ロックタウン～。母体店舗名の変更に伴い、名前が変わっています,39.2913951,141.1351499
グレア,北上市藤沢20-35,,,39.3105898,141.1113181
アミューズメントゾーン北上店,北上市本通り2-2-1 さくら野百貨店北上店4F,,,39.2884429,141.1158379
チャットタウン,北上市北鬼柳19-68 江釣子ショッピングセンターパル2F,,,39.2931224,141.0938838
ソユーファミリーゲームフィールド花巻店,花巻市高木16-68-6,,,39.3813634,141.146943
ＢＩＮＧＯ一関店,一関市山目字中野92-1,,旧：セガワールド一関,38.9336179,141.1177069
Game's-11,滝沢市巣子123-1,R4沿い。盛岡からバス,,39.7689174,141.1301618
バギバギ,宮古市新川町3-17,宮古駅徒歩15分だがバスも可,被災したが1F含め再開,39.64223399999999,141.9558174
宮古総合レジャーランド,宮古市大通2-5-10,,,39.6410812,141.9512679
歌ジオあみい 大船渡店,大船渡市立根町岩脇23-1,,,39.1036681,141.7110983
パロ久慈店,久慈市長内町30-54-4 久慈ショッピングセンター 1F,久慈駅が最寄ですが、徒歩では20分以上,,40.1911833,141.7847448
アルコ,紫波郡矢巾町南矢幅7-140,矢幅駅が近いでしょう,,39.6041421,141.1440026
エスレ,紫波郡紫波町北日詰字東ノ坊64,,,0.0,0.0
オートスナックラベンダー,紫波郡紫波町北日詰字東ノ坊10-11,,,39.5363093,141.1662581
プレーゴ金ヶ崎,胆沢郡金ケ崎町三ケ尻荒巻165,R4沿い。六原駅が最寄ですが少し歩きます,,39.2195472,141.1012501
MS仙台南,仙台市太白区中田町杉の下34,JR東北本線 南仙台駅,,38.1946206,140.8924146
T/S仙台ベガロポリス店,仙台市太白区西多賀5-24-1 ベガロポリス内,,旧：TAC仙台,38.2192938,140.8485217
THE 3RD PLANET Bivi仙台店,仙台市宮城野区榴ヶ岡2-1-25,仙台駅東口,,38.2610717,140.8836853
セガ仙台コロナワールド,仙台市宮城野区福室字田中前1-53-1,産業道路南側,仙台にセガが返り咲き,38.2599104,140.9692592
アミューズパーク仙台港,仙台市宮城野区中野字田中106,JR仙石線 中野栄駅,,38.2824151,140.989038
あそびのくに仙台港,仙台市宮城野区出花218カインズホーム仙台港店 1F,,,38.2729244,140.9911472
ラウンドワン仙台苦竹,仙台市宮城野区苦竹1-7-10,JR仙石線 苦竹駅,,38.2681081,140.9172368
ビーカム 松森店,仙台市泉区松森字斎兵衛58-1,,元アクライム泉店、パインズ,38.3045425,140.9098491
MS仙台泉,仙台市泉区松森字斎兵衛58-9,仙台市営地下鉄 南北線黒松駅,,38.3038759,140.911049
スイーツ・ハートイオンタウン仙台泉大沢,仙台市泉区大沢1-5-1イオンタウン仙台泉大沢 2F,東北自動車道 泉JC付近,,38.3500906,140.880964
GAME BANK 泉店,仙台市泉区大沢2-5-4,龍泉寺の湯　仙台泉店の横,駐車場あり,38.3527525,140.877403
namcoアリオ仙台泉店,仙台市泉区泉中央1-5-1　5F,地下鉄泉中央駅,Ario駐車場あり,38.324442,140.8821511
namcoヨークタウン市名坂店,宮城県仙台市泉区市名坂字中道100-9,免許センター近く,,38.3161856,140.9055546
モーリーファンタジー仙台中山,仙台市泉区南中山 1-35-40イオン仙台中山SC 3F,JR仙山線 北山駅,,38.2978587,140.8271336
ミラクルポケット,仙台市泉区八乙女中央1-1-6,,名取市に移動,38.3098382,140.8805879
ゲームコーナー東部,仙台市若林区六丁の目中町26-60,産業道路北側,駐車場あり営業は24時まで。,38.2510606,140.9438301
GAME epris,仙台市青葉区中央1-7-2,名掛丁アーケード,全席禁煙。旧ジョイランド金ちゃん。,38.2623631,140.8802745
T/S仙台名掛丁店,仙台市青葉区中央1-7-13,名掛丁アーケード,旧：ZOOOP,38.2620687,140.8790829
T/S仙台クリスロード店,仙台市青葉区中央2-3-6,クリスロード商店街,旧：T/S仙台,38.2609854,140.8758805
プレイランドF1R,仙台市青葉区中央2-6-6 ダイヘイビルB1,名掛丁アーケード,プレイランドF1とはオペレータが違います,38.2618659,140.8778886
namco仙台一番町店,仙台市青葉区一番町4-2-10 東映プラザ BF,一番町アーケード,"旧：シルクハット仙台店,NL仙台一番町店",38.2627314,140.8716055
仙台レジャーランド一番町店,仙台市青葉区一番町4-3-27,一番町アーケード,旧：AD仙台一番町店,38.2630045,140.8708864
わいわいランド石巻あけぼの,石巻市あけぼの1-1-2イトーヨーカドー石巻あけぼの店 2F,JR仙石線 蛇田駅,,38.4483639,141.273413
プラザカプコン石巻,石巻市茜平4-104イオンモール石巻 2F,,,38.4480754,141.2659728
セガワールド石巻,石巻市門脇字東上野町3-16,,,38.4343487,141.2683888
モーリーファンタジー石巻東,石巻市流留字七勺1-1イオン石巻東SC 1F,JR石巻線 万石浦駅,,38.428303,141.375814
モーリーファンタジー塩釜,塩竈市海岸通15番100号イオンタウン塩釜2F,仙石線本塩釜駅すぐそば,,38.3185752,141.0241954
プライズハンター塩釜杉の入,塩釜市杉の入3-3-1-宮城生協杉の入店2F,,,38.332663,141.037377
遊楽館ジョイフル,宮城県気仙沼市田中前3-8-12,BRT南気仙沼駅,,38.8910833,141.5602242
モーリーファンタジー気仙沼,気仙沼市赤岩舘下6-1外イオン気仙沼店　2F,,,38.8889533,141.5730638
ロッキーワールド 仙台空港店,名取市下増田字南原,,,38.1436688,140.9233073
namcoイオンモール名取,名取市杜せきのした5-3-1イオンモール名取2F,仙台空港鉄道「杜せきのした駅」,駐車場あり,38.163912,140.895966
モーリーファンタジー新名取,名取市杜せきのした5-3-1イオンモール名取 イオン新名取店3F,,,38.163924,140.8942562
セガ名取セッツウイングス,名取市飯野坂土城堀57-1,４号バイパス上り沿い,旧：SWセッツウィングス,38.15667699999999,140.8880339
ラッキーボックス 名取店,名取市田高字沢目110,４号バイパス下り沿い,駐車場あり,38.1801746,140.8911322
こころっこ名取,名取市愛島塩手字前野田48-10ホームセンタームサシ名取店2F,JR東北本線 名取駅,,38.161034,140.85737
アミューズパーク名取りんくう,名取市美田園6-24,,,38.1590002,140.912304
MS多賀城,多賀城市明月1-168-1万代多賀城店1F,,,38.2848613,141.0081969
モーリーファンタジー多賀城,多賀城市町前4-1-1イオン多賀城店3F,,,38.2823493,141.0047254
セガワールド佐沼,登米市迫町佐沼字中江2-5-8,,,38.69047,141.1891396
ファミリーランド加賀野,登米市中田町石森字加賀野3-6-1みやぎ生協加賀野店1F,,,38.69662470000001,141.2111993
プラサカプコンイオンタウン佐沼,登米市南方町新島前46-1イオンタウン佐沼1F,,,38.6831854,141.1832123
モーリーファンタジー栗原志波姫,栗原市志波姫新熊谷11イオン栗原志波姫SCイオンスーパーセンター栗原志波姫店1F,,,38.748912,141.068154
ロードインオアシス高清水,栗原市高清水大沢1-1,,ドライブイン,38.6698151,141.0084767
セガワールド古川,大崎市古川字城西15,,,38.5783374,140.9447864
PALO古川,大崎市古川沢田字筒場浦82番外イオンタウン古川 ザ・ビッグ古川店1F,,,38.597614,140.972865
プレイスペーストップ,大崎市古川江合寿町3-6-2,,,38.587229,140.9685783
モーリーファンタジー古川,大崎市古川旭2-2-1イオン古川店2F,,,38.56706500000001,140.9728792
ユーズランド大河原,柴田郡大河原町小島2-1フォルテくらし館2F,,,38.0654615,140.7375246
アミューズメントパークサムワン,柴田郡村田町大字沼辺牡丹山42-1,,サムワンはセガのお店ではない,38.0631002,140.7445028
テイクゼロ サンコア店,柴田郡柴田町西船迫2-1-15 サンコア内,,,38.063187,140.7621986
ビッツ,柴田郡大河原町小島3-1 SCフォルテ楽し館 1F,,,38.0654471,140.737598
ニコニコキッズランド中新田店,加美郡加美町中新田字大門93,,,38.5770538,140.8520709
namcoイオンモール利府店,宮城郡利府町利府字新屋田前22 イオンモール利府2階,,旧：NL利府店,38.3267175,140.9720895
スーパーノバ 仙台利府店,宮城郡利府町加瀬字新前谷地55-1 利府ペアガーデン内,,,38.328692,140.975483
ロードインオアシス 大衡店,黒川郡大衡村大衡字はぬ木125,,一部、24時間営業EMBED採用,38.4748137,140.8759227
ペニーポット,秋田市中通2-8-1 フォンテAKITA 4F,,旧イトーヨーカドー秋田店,39.71625,140.127583
プレイランドソピア 御所野店,秋田市御所野地蔵田111 イオンモール秋田,,,39.6635151,140.1611295
さとみ温泉,秋田市添川境内川原142-1,,,39.7491888,140.1321987
ポート秋田,秋田市土崎港西1-9-1,,,39.7527085,140.061005
ロックンボウル,秋田市広面字長沼31,秋田駅徒歩14分,,39.7161987,140.1437746
ラウンドワンスタジアム秋田店,秋田市卸町1-1-2,R13沿い。羽後牛島駅から徒歩14分,土休は9:00から（秋田県ではゲームセンターの日の出営業は禁止）秋田駅東口からの送迎バスの利用も考慮に,39.7016852,140.1092619
セガワールド秋田,秋田市茨島1-3-1,R13沿い。秋田からバス「川元小川町」下車徒歩4分,改装後もセガワールドです。,39.70293729999999,140.1007682
ビッグワールド横手店,横手市前郷字在家69-4,,,39.305105,140.576434
キッズパーク リスコ,横手市雄物川町沼館字佐田25,,,39.29094730000001,140.4327119
プレイランドソピア 十文字店,横手市十文字町仁井田海道東22-1 スーパーモールラッキー,十文字駅が最寄,,39.2162242,140.5210678
ファンタジア大曲店,大仙市大曲通町8-31,,,39.4654147,140.4763393
プラサカプコン大曲店,大仙市和合字坪立177イオンモール大曲2F,,,39.4378201,140.5093551
プレイランドソピア能代店,能代市寺向70 いとくアクロス能代店内,,,40.182818,140.053459
大館メルヘンランド,大館市御成町3-7-58 いとくSC内,大館駅は比較的近隣,,40.2808121,140.5604133
namcoイオンタウン大館西店,大館市下戸新町18-121,R7沿い。公共交通は大館からバス,旧：NL大館店,40.2687774,140.559661
ファンタジア男鹿店,男鹿市船越字内子247-1,,,39.9017689,139.9374553
ファンタジア本荘店,由利本荘市出戸町岩渕下103,,,39.3910763,140.04976
ソユープレイランドソピア鹿角店,鹿角市花輪字下夕町164 いとく鹿角SC,鹿角花輪駅が最寄ですが…,,40.1997604,140.7931393
秋北プラザ,北秋田市花園町2-32,,,40.2286455,140.3702916
やすだ,南秋田郡八郎潟町上沖谷地67,,,39.9461828,140.0833146
キッズランド にしもない店,雄勝郡羽後町字南西馬音内213,,,39.1939985,140.40974
Be-come成沢店,山形市成沢西5-3-27,,,38.2085455,140.3177274
Spoint,山形市小白川町1-1-10,,,38.2450734,140.3472624
カレッジスクエア,山形市小白川町1-1-7,,,38.2448207,140.3470041
セガワールド北山形,山形市北町1-3-20 Be-in内,北山形駅から近い,,38.268199,140.331244
namcoイオンモール山形南店,山形市若宮3-7-8イオンモール山形南2F,,旧：NLジャスコ山形南店,38.2265625,140.3055733
モーリーファンタジー山形南店,山形市若宮3-7-8イオンモール山形南2F,,イオン棟の中です,38.2265625,140.3055733
ヤマコーボウル,山形市香澄町3-2-1,,,38.2465257,140.3317776
ゲームゾーントレジャー北町店,山形市北町2-2-45,,,38.2688346,140.3293993
ゲームゾーントレジャー吉原店,山形市大字前明石1352-5 Be-in2内,,,38.229704,140.303992
パルケデアミーゴ,山形市嶋北1-3-1,,,38.2836662,140.3216001
わくわくランドバイパス店,山形市上山家町760-1ヤマザワバイパス店内,,,38.270276,140.362049
モーリーファンタジー山形北店,山形市馬見ケ崎2-12-19イオン山形北店2F,,イオン棟の中です,38.2828709,140.330782
セガワールドヨーク山形,山形市浜崎67,,,38.2842306,140.3581495
ネクスト・ワン米沢店,米沢市金池5-3-18,,,37.9218262,140.1150119
セガワールド米沢,米沢市大字花沢字タナコ原177,,,37.9110364,140.1339663
プレビプレイランドコーナー米沢店,米沢市駅前3-1-18ヨークベニマル米沢店内,,,37.912464,140.124878
モーリーファンタジー米沢店,米沢市春日2-13-4イオン米沢店2F,,,37.9232613,140.10895
ナムコランド S-MALL店,鶴岡市錦町2-21 S-MALL 2階,,,38.7391396,139.8320215
アピナ鶴岡店,鶴岡市文下字広野1-1,,,38.7580783,139.8443797
わくわくランドくしびき店,鶴岡市丸岡字鳥飼121-2ヤマザワくしびき店内,,,38.6794707,139.8373526
遊パラダイス,酒田市泉町214 イオンタウン内,,,38.9358796,139.8489653
モーリーファンタジー酒田店,酒田市あきほ町120-1イオン酒田南店1F,,,38.8919819,139.8525864
ズーム21,新庄市沖の町6-6,,,38.763385,140.3021362
ゲームゾーントレジャー新庄店,新庄市金沢字沖1068ゼスト新庄店内,新庄駅,,38.7641889,140.308499
プレビジョイカム新庄店,新庄市金沢字吉袋853-3ヨークタウンアクロスプラザ新庄内,新庄駅,,38.7691617,140.3079204
わくわくランド新庄店,新庄市金沢2033-4ヤマザワ新庄店内,,,38.7534576,140.3093186
スーパーノバ天童,天童市南町1-5-26,,,38.3429386,140.3741282
ソユーゲームフィールドイオンモール天童店,天童市芳賀土地区画整理事業地内34街区イオンモール天童専門店棟2F]],,2014年3月開店予定区画整理中なので住所はこの通りです,38.3434125,140.3633183
モーリーファンタジー天童店,天童市芳賀土地区画整理事業地内34街区イオンモール天童イオン棟2F]],,2014年3月開店予定区画整理中なので住所はこの通りです,38.3440473,140.3634997
モーリーファンタジー東根店,東根市さくらんぼ駅前3-7-15イオン東根店2F,さくらんぼ東根駅ですがそう近くはありません,,38.4270706,140.387685
わくわくランド上山店,上山市南町3-37 ヤマザワ上山店内,,,38.1506817,140.2736204
ロッキーワールド南陽店,南陽市郡山578,,,38.0434231,140.1548611
ソユープレイランドソピア三川店,東田川郡三川町大字猪子字和田庫128外 イオンモール三川1F,,,38.8159606,139.834365
モーリーファンタジー三川店,東田川郡三川町大字猪子字和田庫128-1 イオンモール三川2F,,,38.8159606,139.834365
AGスクエア庄内店,東田川郡三川町大字猪子字大堰端326-6,,,38.8195252,139.8348986
THE 3RD PLANET ピポット福島店,福島市栄町1-1 パワーシティピボット内,福島駅新幹線高架の下!!,ピボット駐車場３時間無料,37.7545444,140.4587748
セガワールド福島,福島市本内中井6-1,４号線、鎌田,,37.7853568,140.4874456
スーパーノバ福島,福島市黒岩字中島7-2,４号線、黒岩,,37.7277789,140.4671413
アミューズパーク福島店,福島市黒岩字堂の後78,,,37.7260402,140.4696163
ディノスパーク南福島店,福島市黒岩字中沖43-2,,,37.7269707,140.4611919
ラウンドワンスタジアム福島店,福島市太田町14-18,福島駅徒歩4分,(一部)深夜営業あり,37.7525148,140.4560216
モーリーファンタジー福島,福島市南矢野目字西荒田50-17イオン福島店3F,,,37.7883466,140.4576427
万SAI堂福島,福島市黒岩字浜井場5-1,,,37.726979,140.4684385
SUPER NOVA会津インター店,会津若松市町北町大字上荒久田字宮下142,,,37.5184029,139.9220706
ファミリーランドカーニバル,会津若松市中町3-53,,,37.497733,139.926743
プリプリステーション,会津若松市栄町1-25,,,37.4958416,139.9287012
アミューズパーク会津店,会津若松市神指町大字南四合幕内503-2,西若松駅,,37.4888055,139.9018989
大江戸温泉 あいづ,会津若松市神指町北四合字東神指77-1,会津若松駅からバス,,37.5232819,139.8873462
スイーツファクトリーパックン会津若松,会津若松市神指町大字南四合字幕内南154アピタ会津若松店2F,西若松駅,,37.4834893,139.9043154
パロ喜多方店,喜多方市字押切南2-42-1,喜多方駅徒歩15分,,37.6668834,139.8665812
キラキラAsoboxイオン塩川店,喜多方市塩川町小府根字曽谷田1イオンタウン塩川,姥道駅,,37.61633,139.8942369
マジカルランド郡山駅前店,郡山市駅前1-16-7 アティ 8F,,,37.3970239,140.3874685
TFS郡山アティ店,郡山市駅前1-16-7 アティ 7F,,旧：H/T郡山アティ直営からFC店に移行,37.3970239,140.3874685
ドリームファクトリーN2,郡山市八山田5-228サウススクェアビル3F,,ALL.Netゲーム機での「DFN2」はこのお店です。,37.4265183,140.3826337
フリーダム,郡山市徳定字下河原77-1,,,37.3602614,140.3846024
namcoイオンタウン郡山店,郡山市松木町2-88,,旧：ナムコランドイオンタウン郡山店,37.3909751,140.3893342
namco郡山西部プラザ店,郡山市西ノ内2-11-35 西部プラザ内,,旧：ナムコランド郡山西店,37.407851,140.3625713
ゲームプラザAGS,郡山市西ノ内2-11-40,イトーヨーカドー郡山店4階,旧：セガワールド郡山,37.4074284,140.3641831
東洋健康センター,郡山市善久田町字松ケ作15-1,,,37.4432019,140.3354485
TAC 郡山,郡山市安積町荒井字南千保40,,「TAC」という名前は全国唯一になりました。フランチャイズ店舗ですがTFS…ではありません,37.3695576,140.3710281
アミューズパーク郡山店,郡山市安積町日出山2-80,,,37.3745154,140.3836768
鈴屋,郡山市西田町太田字金堀131-1,,,37.4385588,140.4679899
セガ日和田,郡山市日和田町字西中島7-1,,旧：セガワールド日和田,37.448205,140.380386
アミューズパーク郡山バイパス店,郡山市静町2-1,,,37.3906713,140.3402498
セガワールド小名浜,いわき市小名浜林城字塚前18-1,,,36.9859368,140.8971349
セガワールド勿来,いわき市勿来町四沢字鍵田13,勿来駅徒歩7分,,36.88902900000001,140.784542
ドリームファクトリーいわき,いわき市中央台飯野4-1,,,37.0124699,140.9165912
アミューズパークいわき店,いわき市常磐関船町宮下4-1,,,36.9937054,140.8624997
アミューズパークいわき神谷店,いわき市平下神谷字馬洗7-1,,,37.0653001,140.9425993
スポルト平,いわき市平字正月町61-3,いわき駅が近いです,,37.0552747,140.8982747
嶺宝スポーツセンター,いわき市小名浜住吉折返2-2,,,36.97402659999999,140.8903971
H/Tイオンいわき店,福島県福島県いわき市平字三倉６８－１　イオンいわき店3F,,,37.0505845,140.8985547
こころっこ平店,いわき市平6-6-2イトーヨーカドー平店内,いわき駅,,37.057683,140.899042
らくだのせなか鹿島エブリア店,いわき市鹿島町米田字日渡5鹿島エブリアショッピングセンター2F,,,36.994175,140.9052147
あひるのたまご泉店,いわき市泉町滝尻町折返57ヨークベニマルいわき泉店内,,,36.953541,140.861302
ちびっこザウルス,いわき市小名浜大原字東田96ヨークタウンアクロスプラザ大原店1F,,,36.966636,140.889237
セガワールド白河,白河市新高山1-1,新白河駅徒歩10分,,37.1192457,140.1943777
G3ポロス原町店,南相馬市原町区北原字本屋敷188,,,37.6268239,140.9879456
エンターテイメントスタジオ須賀川店,須賀川市古河87,,,37.2988873,140.3868281
G3ポロス船引店,田村市船引町船引字川代105,,,37.4337559,140.5912074
あひるのたまご猪苗代店,耶麻郡猪苗代大字梨ノ木西92ヨークベニマル猪苗代店内,,,37.5573044,140.1112505
プレビジョイカム塩川店,耶麻郡塩川町大字小府根字,,,37.6164493,139.8941579
ゲームスペースA-3,西白河郡西郷村字豊作西15-16-17,新白河駅徒歩6分,白河市ではありません,37.124556,140.182612
ファンタジー浪江,双葉郡浪江町幾世橋斉藤屋敷41-2,,避難指定地域,37.4925441,141.003298
ジョイプラザ,双葉郡浪江町上川原88サンプラザ内,,避難指定地域,37.497157,140.991238
ファンタジープラザ,茨城県水戸市上水戸２丁目９−１０　MEGAドン・キホーテ 上水戸店,R50松ヶ丘交差点入る,,36.3895973,140.4453394
ピンクパンサー水戸けやき台店,水戸市酒門町3276−1,R6酒門町交差点,,36.3374756,140.4832931
セガ水戸,水戸市宮町1-7-44　コムボックス310 3F,水戸駅南口前,,36.3694689,140.4746561
ピンクパンサー水戸赤塚店,水戸市河和田1-1,JR常磐線赤塚駅フレスポ赤塚内,,36.3745978,140.4154231
ユーズランド水戸内原店,水戸市中原町字西135イオンモール水戸内原2F,,,36.3744863,140.358779
モーリーファンタジー水戸内原店,水戸市中原町字西135イオンモール水戸内原3F,,子供向け,36.3734062,140.3579147
水戸鑑定団,水戸市大塚町１５９０,R50,プライズマシンあり,36.3856126,140.3960995
スタジオプリモ水戸店,水戸市宮町1-2-4 マイム 1F,水戸駅北口前,,36.371464,140.477438
北茨城バッティングセンター,北茨城市大津2688,国道6号線沿い,,36.8381052,140.7842705
大子マギーゴ,久慈郡大子町池田森平1598-2,R118,,36.7779312,140.3579985
アミューズメントパーク,常陸太田市金井町２９１８ ゲオ常陸太田店内,,プライズのみ,36.540338,140.530574
ゆうゆうランド,常陸大宮市下村田２３８７　ジャスコ常陸大宮店,R118,,36.5221287,140.4308733
セガワールド日立,日立市田尻町3-26-1,,,36.6268316,140.6693862
ピンクパンサー日立店,日立市東多賀町5-10-10,JR常陸多賀駅西口から徒歩10分,,36.5482261,140.6304903
こころっこ日立店,日立市幸町1-16-1イトーヨーカドー日立店5F,,,36.591738,140.659053
こころっこ日立城南店,日立市城南町3-4-3ゼビオ日立城南店2F,,,36.5843582,140.6407296
夢大陸 日立南店,日立市森山町４丁目１０−３２,国道6号線沿い,プライズのみ,36.5167372,140.6138683
日立ボウルクレーン,茨城県日立市鮎川町６丁目７−２５,国道6号線沿い,,36.5722789,140.6343391
K-1 BOWL日立店,日立市石名坂町2-2-10,国道6号線沿い日立南大田IC下り北上し3km,プライズ、パチスロのみ旧からしまボウル日立店,36.5133208,140.6051305
モーリーファンタジー東海店,那珂郡東海村舟石川駅東４丁目１番１号 イオン東海店2F,JR東海駅そば,子供向け,36.463287,140.5667861
ドリームランド,那珂市菅谷1618-2,R6工業団地入口交差点を西へ,旧：セガワールド那珂→タクトワールド,36.4296199,140.5125631
アミューズビバ,ひたちなか市東大島2-11-11 ミナミボウル,勝田駅東口より北へ1km,旧：ハイテクランドセガ ミナミスポーツプラザ,36.4063287,140.5317546
JAMJAMひたちなか本店・本館,ひたちなか市田中後40-11,,本店と新館は隣接しているが法的にも明らかに別店舗,36.3477022,140.5805365
JAMJAMひたちなか本店・新館,ひたちなか市田中後40-2,,本店と新館が隣接,36.34758550000001,140.5803254
ぷれいらんど３７３勝田店,ひたちなか市石川町１−１　メガドンキホーテ2F,勝田駅そば,,36.393121,140.527489
プレイランド　ＰＩＣＯ,茨城県ひたちなか市栄町2-13-25 ピアポート,那珂湊駅から徒歩10分,小さなゲームコーナー,36.345394,140.581636
セイミヤ馬渡店,茨城県ひたちなか市大字馬渡2563−1,,子供向けの小さなゲームコーナー,36.3998037,140.5609953
勝田パークボウル,ひたちなか市田彦1600 2F,田彦二本松交差点角,一角に小さなゲームコーナー,36.4094633,140.5114254
らんらんらんど 城里店,東茨城郡城里町大字那珂西1427-4 城里ショッピングプラザ,,,36.4738129,140.3900736
TFSイオンタウン水戸南店,東茨城郡茨城町長岡3480-101,イオンタウン水戸南内,旧：ザ・ロック水戸南,36.3107789,140.4412148
イオンタウン水戸南ゲームコーナー,東茨城郡茨城町長岡3480-101,フードコート脇,管理はTFSイオンタウン水戸南店,36.3107789,140.4412148
ゆにろーず友部店,笠間市友部町小原字前田4437-1,,,36.350484,140.306054
ピンクパンサー友部店,笠間市,,,36.3453,140.3043542
ゆにろーず 茨城T.S店,小美玉市西郷地1390,R6,ラーメン+ゲームコーナー,36.2557538,140.3797369
AGスクエア石岡店,石岡市東大橋中峯1976-1,,,36.2606178,140.2781103
こころっこ石岡店,茨城県石岡市大字石岡2752−2 イオン石岡店2F,,,36.1946183,140.2970249
ゆにろーず千代田店,かすみがうら市千代田町上稲吉1986,R6,ラーメン+ゲームコーナー,36.1313966,140.2258837
千代田スポーツセンター,かすみがうら市千代田町下稲吉字大塚1624-11,R6下稲吉交差点から県道197,,36.1224736,140.2481313
お宝あっとマーケット土浦店,かすみがうら市千代田町下稲吉2654-1,R6,,36.09452890000001,140.3306914
フエゴワールド新治店,土浦市大畑風谷1611さんあぴお,R125,旧H/T 新治,36.119311,140.17457
森の散歩道 土浦店,土浦市木田余4585-3 木田余ショッピングモール,日立電線の裏,,36.1071193,140.2160576
プラサカプコン土浦店,土浦市真鍋2-1-29,JR土浦駅より徒歩20分バス7分車5分,,36.0903063,140.1989081
楽市楽座 イオン土浦ショッピングセンター店,土浦市上高津367イオンモール土浦3F,JR土浦駅から直通バスで10分,ワイドレジャー最東端。店舗名は～イオン土浦ショッピングセンター店,36.0800989,140.1809686
ファンタジーアイランド,土浦市上高津367　イオン土浦,,,36.0800989,140.1809686
ポマト,土浦市中1078,R6,,36.0474723,140.1720864
ゲームパニックつくば,土浦市中村東1-1-1 サンタスワールド内,,,36.0462636,140.1680606
ゲームグース つくば店,つくば市小野崎字千駄苅278-1LALAガーデンつくば2F,,旧プラザカプコンつくば店,36.0735274,140.104083
フエゴワールドつくば店,つくば市大字上横場2143ショッピングセンターアッセ2F,R354,旧H/T つくば,36.0409846,140.0844099
ピンクパンサー つくば店,つくば市小野崎177-2,R408 TXつくば駅,,36.0768813,140.1047153
JAMJAM つくば店,つくば市竹園1-9-2デイズタウンつくばB1F,TXつくば,,36.07793789999999,140.1151269
ナムコランドイーアスつくば店,つくば市研究学園C50街区1イーアスつくば2F,TX研究学園駅,,36.086442,140.084033
ゆにろーずつくば店,つくば市小田4781,R125,ラーメン+ゲーム,36.1560225,140.1116232
namcoイオンモールつくば店,つくば市稲岡66-1イオンモールつくば専門店棟3F,つくば駅からバス,,36.0349817,140.1329673
モーリーファンタジーつくば店,つくば市稲岡66-1イオンモールつくばイオン棟3F,つくば駅からバス,,36.0349817,140.1329673
ピンクパンサー みらい平店,つくばみらい市小張3095,TXみらい平駅,,36.0018779,140.0469538
お宝鑑定館牛久店,茨城県牛久市さくら台４丁目３８−８,,プライズマシンあり,35.958389,140.1705637
ぐるぐる大帝国牛久店,茨城県牛久市栄町３丁目１３６−１,,プライズマシンあり,35.98821,140.1518341
ジョイプラザ龍ヶ崎店,龍ヶ崎市小通幸谷町288 Qizモール,常磐線佐貫駅,,35.9278829,140.133863
セガワールド龍ヶ崎,茨城県龍ケ崎市藤ケ丘4-2-8,,,35.9385138,140.1957728
らんらんらんど 取手店,取手市新町1-9-1 取手とうきゅう 6F,,,35.8962856,140.0621374
ゆにろーず取手店,取手市桑原1224041,R6,,35.9072513,140.0773332
アピナ下館店,筑西市玉戸1012,,,36.2950278,139.9451743
ピンクパンサー結城店,結城市結城10520-1,,旧：ピン・パン・デュオ,36.30246959999999,139.8651646
ピンクパンサー下妻店,下妻市小島884-10,,,36.1702653,139.9665309
GAME GOOSE下妻店,茨城県下妻市堀籠972-1 イオンモール下妻2F,,,36.1845136,139.9673744
ゲームパドック+1,古河市小堤1916-1,,,36.2067355,139.7578003
ジャンボリー古河店,古河市雷電町1-18イトーヨーカドー古河店内,,←プレイランドプレビ古河店,36.198846,139.712889
モーリーファンタジー古河店,古河市旭町1-2-17 イオン古河店2F,,,36.1970371,139.7200203
ピンクボム三和店,茨城県古河市諸川１２２４,,,36.2013858,139.8140753
FESTA古河店,古河市松並2-18-10,,旧：THE 3RD PLANET古河店,36.2101118,139.7083871
TFSヨークタウン坂東店,坂東市辺田字原新1104-1,,旧：AMPLEX坂東,36.0407642,139.8933506
ザ・ゴリラ 石下店,常総市本石下字松並4421-1 アピタ石下店2F,石下,,36.1204153,139.9760094
アミューズメント・ソアル,茨城県守谷市御所ケ丘2丁目11-12,新守谷駅,新守谷駅から歩いてすぐ。,35.9655914,139.9817037
らんらんらんど 行方店,行方市麻生3288-50 セイミヤ麻生店1F,,,36.0181751,140.4987045
ゆにろーず 鹿嶋店,茨城県鹿嶋市小山５９５−１,R51,ゲーセン+ラーメン店,36.0147267,140.6397897
宝島 鹿嶋店,鹿嶋市宮中290-1,,イオン内,35.960137,140.6439741
ジャンボリー潮来ＳＣ店,潮来市潮来前6065アイモア潮来ショッピングセンター内,,←プレイランドプレビ潮来店,35.9361768,140.5530166
ジャンボリー牛堀ＳＣ店,潮来市永山沼田777ララルー牛堀ショッピングセンター内,,←プレビランドジャンボリー,35.964506,140.514174
茨城鑑定団神栖店,茨城県神栖市大野原２丁目１１−５,,プライズマシンあり。,35.894854,140.6492757
スポーツランドＫＹ,神栖市筒井1470-32,,バッティングコーナーにゲーム機少々。,35.898267,140.6335298
JAMJAM 神栖店,神栖市神楢1-8-1,潮来ICから約10分,,35.889966,140.6645134
チアフル,神栖市知手中央2-4-27,,駄菓子店。奥にゲーム機少々。,35.8817571,140.7091731
ゆにろーず角崎店,稲敷市新利根町角崎1649-15,国道408号線 角崎交差点際,ゲーセン+ラーメン,35.907473,140.2851472
T/S佐原東店,稲敷市西代1495 パルナ(アピタ)2F,,旧：H/T佐原東,35.9185991,140.4881277
こころっこJ’S新利根ＳＣ店,稲敷市角崎1678新利根ショッピングセンター内,,←プレイランドプレビ新利根店,35.9060166,140.2866258
セガ霞ヶ浦,稲敷市西代1473-1,,旧：セガワールド霞ヶ浦,35.9183324,140.4848113
プレイランド 54ストリート,猿島郡境町122 T-PLACE内2F,,,36.11423509999999,139.7987098
ゆにろーず旭店,鹿島郡旭村樅山592-1（鉾田市樅山592-2か?）,,,36.200717,140.5488218
テクモピア ロックダム・インターパーク店,宇都宮市インターパーク6-1-1 FKDショッピングモールインターパーク店2F,北関東自動車道宇都宮上三川IC近く,,36.4906,139.906635
インターパークプラスワン,宇都宮市インターパーク6-5-1,北関東自動車道宇都宮上三川IC近く,,36.4879757,139.905333
T/S宇都宮ベルモール店,宇都宮市陽東6-2-1 ベルモール宇都宮2F,,旧：ラクガキ王国in宇都宮,36.5550373,139.9283866
ハーマン御幸店,宇都宮市御幸町2891,JR宇都宮駅から北東に3km,シングルロケ,36.5750399,139.9223436
極楽湯 宇都宮店,宇都宮市御幸本町4880,,シングルロケ,36.5807643,139.9248792
E3陽東店,宇都宮市陽東2-6-2,,ベイシア前,36.55549750000001,139.9260972
らんらんらんど宇都宮店,宇都宮市睦町5-5 スーパーセンタートライアル宇都宮店1F,,,36.561584,139.8628859
シーサイドリゾートAMP,宇都宮市睦町7-3,鹿沼街道トライアル近く,朝4時まで営業,36.5632663,139.8603778
ハッピープラス,宇都宮市駅前通り1-4-6ララスクエア宇都宮B1F,,,36.560407,139.896997
BeeHive,宇都宮市曲師町2-18宇都宮フェスタB1F,,,36.5602787,139.8845803
アミューズメントスペース,宇都宮市江野町2-10,オリオン通り沿い,AMUSEMENT TATSUMIのこと?,36.5603839,139.8826403
アミューズメント ヒカリ,宇都宮市江野町7-13 プラザヒカリ1F,東武宇都宮駅徒歩2分,,36.55994159999999,139.8818085
モアイ宇都宮店,宇都宮市馬場通り2-3-12 ラパーク長崎屋B1F,,21時まで営業,36.5608407,139.8853681
セガワールド宇都宮,宇都宮市東宿郷5-1,宇都宮駅東口徒歩10分,,36.5582909,139.908485
遊:ING,宇都宮市石井町下平出境2707-4,,,36.54639299999999,139.935327
プラボ宇都宮店,宇都宮市簗瀬町1606-1 フェドラP&Dビル,国道4号沿い・宇都宮中央卸売市場近く,,36.5438421,139.8916445
モアイ,宇都宮市川田町1000-1 ソーレ21,,旧グッドヒル,36.5357829,139.8888801
ラウンドワン 宇都宮店,宇都宮市江曽島町2072-1,宇都宮駅から送迎バスあり,,36.5406864,139.8868934
オータニ江曾島店,宇都宮市江曽島町1062-1,,シングルロケ,36.5286318,139.8716314
ファンタジーランド ガルー,宇都宮市江曽島本町22-7　アピタ宇都宮店,,,36.531595,139.867106
ヨークベニマル若松原店,宇都宮市北若松原1丁目14-15,,シングルロケ,36.5063202,139.8668883
テクモピアパルテロン宇都宮店,宇都宮市今泉町2371福田屋ショッピングプラザ,,,36.5737017,139.9003735
ザ・グランドスパ南大門,宇都宮市今泉町3-2-18,,シングルロケ,36.5740637,139.8977355
宇都宮第二トーヨーボウル,宇都宮市鶴田町3430-3,,,36.5536341,139.8602672
ランドサービス,宇都宮市上金井552　宇都宮動物園内,,,36.632755,139.8535982
ジャンボリー岡本店,宇都宮市下岡本2123-1 とりせん岡本店内,,←プレイランドプレビ 岡本店,36.6020261,139.9392938
ジャンボリー御幸ケ原店,宇都宮市御幸が原50-1 ヨークベニマル御幸ヶ原店内,,←プレイランドプレビ 御幸ヶ原店,36.5926193,139.9280984
氏家バッティングセンター,さくら市桜野921-8,,シングルロケ,0.0,0.0
オータニ 喜連川店,さくら市喜連川323,,シングルロケ,36.7177075,140.0332333
パロ石橋店,下野市下古山北原3362-1 ヨークタウン石橋店内,「下古山入口」バス停徒歩1分,,36.4686317,139.8678831
BAZZ,国分寺町医大前3-1-1,,,34.3112787,133.9705617
かましん石橋店,石橋町石橋649,,,36.4368556,139.8651551
セガワールド小山,小山市東城南1-1-18,国道50号線南側,アピナ小山ははす向かい,36.2894386,139.8079863
TFS小山店,小山市喜沢1475-172ハーベストウォーク内,,2014年2月開店,36.3351377,139.8091595
アピナ小山店,小山市駅南町4-27-18,国道50号沿い,SW小山はす向かい,36.300407,139.8091136
こころっこJ’S小山店,小山市駅東通り2-3-15 イトーヨーカドー小山店内,,←プレイランドプレビ 小山店,36.313371,139.808752
あぐりーず小山店,小山市中央町3-7-1 ロブレ専門店街5F,小山駅西口駅ビルVALと直結,,36.3125497,139.8049277
KOKADO TOWN　小山店,小山市中久喜１４６７－１,県道33号,イオン小山,36.3217308,139.8408803
モーリーファンタジー,小山市中久喜１４６７－１,県道33号,イオン小山,36.3217308,139.8408803
ピンクボム間々田,小山市大字間々田807,R4,ファミリーＢＯＯＫ間々田店,36.2729502,139.7715434
アーバンスクエア安佐エース店,佐野市堀米町614-8,東武堀米駅徒歩7分,,36.3319033,139.5838594
ハーマン佐野店,佐野市大橋町3183-2,県道270号線沿い,,36.3199704,139.5639502
ゲームパニック佐野,佐野市高萩町52 フェドラP&D 1F,イオンモール佐野新都市の隣,現在は大家のブルーヒルズが経営,36.297313,139.605647
T/S佐野新都市店,佐野市高萩町1324-1 イオンモール佐野新都市専門店街2F,,旧：H/T佐野新都市、T/Sイオン佐野新都市店,36.299004,139.60628
E3栃木店,栃木市平柳町2-26-26,県道2号線沿い,,36.39496,139.7525258
グッドヒル栃木店,栃木市万町9-25 福田屋百貨店栃木店3F,,,36.38243920000001,139.7344131
ジャスコシティ栃木店,栃木市箱森町 38-40,,,36.3933538,139.7234563
ROUND 1 栃木・樋ノ口店,栃木県栃木市樋ノ口町55番地1,,,36.3578008,139.7569638
足利ファンタジークラブ,足利市大前町841,,,36.3596482,139.3964848
ドラマ足利店,足利市朝倉町244-1,,,36.3221363,139.4503431
E3足利店,足利市上渋垂町905,上渋垂町交差点角,,36.3036808,139.4730999
大リーグバッティングスタジアム,足利市元学町826,足利市総合運動場近く,,36.3426125,139.4615918
サンライズスポーツ,足利市鹿島町820,県道67号線沿い,,36.3505965,139.4051341
PALO足利店,足利市朝倉2-21-16 ヨークタウン足利店 1F,県道293号線沿い,,36.3167368,139.4447744
ドリームファクトリー アロハ！,鹿沼市睦町字西城下287-1,ビバモール鹿沼店(旧イトーヨーカドー鹿沼店)内,,36.571889,139.753593
鹿沼トーヨーボウル,鹿沼市千手町2501,,ヤングボウル,36.5706101,139.7440877
テクモピア鹿沼店,鹿沼市東末広町1073　福田屋鹿沼店3階,,旧：グッドヒル鹿沼店,36.5648583,139.7520816
セガ今市,日光市芹沼1448-1 センショープラザ内,国道461号線沿い,旧：SW今市,36.7410142,139.7104562
モーリーファンタジー,日光市豊田79-1,,イオン今市,36.7304295,139.7033815
日光市営霧降スケートセンター,日光市所野2854,,,36.7552185,139.6130867
ランランド,日光市今市456 ショッピングプラザ日光,,かましんの入っているビル,36.72376930000001,139.6868301
あさやホテル,日光市鬼怒川温泉滝813,,シングルロケ,36.835748,139.7197485
鬼怒川グリーンパレス,日光市鬼怒川温泉滝857-15,,シングルロケ,36.8396087,139.7207566
鬼怒川パークホテルズ,日光市鬼怒川温泉大原1409,,シングルロケ,36.8239715,139.7132496
鬼怒川グランドホテル,日光市鬼怒川温泉大原1021,,シングルロケ,36.8239272,139.7209487
鬼怒川第一ホテル,日光市藤原2,,シングルロケ,36.8374506,139.7221898
鬼怒川温泉ホテル,日光市鬼怒川温泉滝545,,シングルロケ,36.8345315,139.7193291
あひるのたまご矢板店,矢板市富田168-1ヨークベニマル矢板店内,,,36.798426,139.929132
らんらんらんど大田原店,大田原市山の手2-15-1 トライアル大田原店1F,,,36.87817810000001,140.0320898
E3大田原店,大田原市美原1-3539-109,,,36.8611378,140.0105173
王冠ボウル,大田原市美原1-16-18,,,36.8618264,140.0038847
大田原スポーツランド,那須塩原市一区町104,大田原ゴルフセンター入口付近,,36.8501609,139.9945282
ファンタジーパーク,那須塩原市二区町352-7,国道4号線 那須自動車学校入口,,36.879612,139.9640106
メディアランド西那須野,那須塩原市下永田1-1009-5,,,36.8816546,139.9992175
E3西那須野店,那須塩原市太夫塚1-195,国道4号線西三島交差点を西那須野駅方面,,36.8855756,139.9803583
セガ西那須野,那須塩原市南郷屋2-106-27,,旧：セガワールドクロノス旧西那須野町,36.895119,139.9822381
ゲームパーク,那須塩原市末広町64-62,,,36.9697779,140.0469768
ゆかいらんど,那須塩原市若葉町66-75,,,36.9719248,140.0461769
黒磯ボウル,那須塩原市若葉町66-75,,,36.9719248,140.0461769
アミューズメントブーム,那須塩原市下赤田7-7,,,36.90477,139.9558
ホテルニュー塩原ゲームコーナー,那須塩原市塩原705,,シングルロケ,36.9695673,139.8199104
ホテル松屋ゲームコーナー,那須塩原市塩原168,,シングルロケ,36.9633635,139.8387173
ホテル明賀屋ゲームコーナー,那須塩原市塩原270,,シングルロケ,36.966296,139.8305013
かもしか荘ゲームコーナー,那須塩原市塩原1256,,シングルロケ,36.9650407,139.8328594
明賀屋本館ゲームコーナー,那須塩原市塩原353,,シングルロケ,36.9557638,139.8288048
祇園原バッティングセンター,河内町薬師寺3398,,,35.8847938,140.2444653
ホテルサンバレー那須,那須町湯本203,,シングルロケ,37.0859932,140.0046365
ホテルサンバレーフォレストビラ,那須町湯本203,,シングルロケ,37.0859932,140.0046365
ホテルエピナール那須,那須町高久丙1,,シングルロケ,37.0500814,140.0232192
茂木健康温泉,茂木町町田2031,,シングルロケ,36.5925517,140.1500452
南平台観音湯,馬頭町小口1712,,シングルロケ,36.7713768,140.137753
那須ホテル,那須町,,シングルロケ,37.0197314,140.1210169
namcoけやきウォーク前橋店,前橋市文京町2-1-1,けやきウォーク2F,旧：NLダルマトピア,36.3783444,139.0785076
ハローズガーデン前橋店,前橋市文京町2-1-1,けやきウォーク2F,アピタ側,36.3783444,139.0785076
ROUND1スタジアム前橋店,前橋市天川大島町1101-1,県道2号 松並木沿い前橋大島駅徒歩6分,,36.3690017,139.1057683
Ｍ－１,前橋市国領町2-200-6,国道17号線 前橋リリカ向かい,旧：アミュージアム前橋,36.4040936,139.0680105
マトリクス前橋,前橋市小相木町558,快活CLUB 新前橋店(旧・文真堂)の横,旧：S/T新前橋、ボストン系列,36.3727646,139.0596789
シティ大友,前橋市大友町3-7-3,国道17号線「NHK前」信号北,元シティボストン,36.3889507,139.0448964
EauRouge,前橋市西片貝町1-319-3,,ドライブイン形式の店舗のようです,36.39519,139.0967883
前橋バッティングセンター,前橋市天川大島町128,県道2号 松並木沿い,,36.3688822,139.1038075
BREAK,群馬県前橋市荒牧町649-4,国道17号沿いフレッセイと丸亀製麺の裏の昔まねきねこだったとこ,小、旧住所：群馬県前橋市北代田町649-4から移転,36.4263342,139.0481388
MMC 大胡西店,前橋市堀越町234-1,県道3号沿い,,36.4109197,139.1413564
MMC H2O,前橋市富士見町時沢100-1,,旧：オレンジハット前橋北,36.4267045,139.0833828
モーリーファンタジー,前橋市小屋原町472-1 ガーデン前橋,駒方バイパス,旧ハッピープラス,36.3559757,139.1295076
プレイランド,前橋市新堀町18,,パワーモール前橋みなみ,36.325975,139.0946878
ユーズランド高崎,高崎市棟高町1400番地,イオンモール高崎２階,,36.3904993,139.0066913
モーリーファンタジー高崎店,高崎市棟高町1400番地,イオンモール高崎3階,,36.3904993,139.0066913
モーリーファンタジー倉賀野店,高崎市倉賀野町4691-1,ミスターマックス倉賀野店1F,旧らんらんらんど倉賀野店,36.3013303,139.0547621
住商高崎ナムコランド,高崎市中尾町字鳥羽前44-1,前橋ICそば アカマル2F,アカマルナムコランドとも言います,36.3756091,139.0333141
大栄ホール,高崎市新紺屋町45,,,36.329589,139.0054153
ハローズガーデン,高崎市矢中町字渕ノ内668-1,アピタ高崎店内,旧ドリームタウン,36.309907,139.0543306
群馬レジャーランド高崎駅東口店,高崎市江木町333-1 2F,高崎駅徒歩15分,,36.3298336,139.0128426
THE 3RD PLANET 高崎店,高崎市下和田町5-3-8,メディアメガ高崎内 JR高崎駅徒歩1分,,36.3196979,139.0140373
プレイタウン,高崎市島野町701-1,,,36.3357571,139.0627936
ラッキー,高崎市下小塙町1616,,,36.3517587,138.9643038
ドライブイン アクエリアス,高崎市綿貫町297-1,群馬の森近く,,36.3064167,139.0736935
ゲームセンター コルソ,高崎市棟高町1868,県道10号沿い,,36.3803453,139.0064443
100円ランド,高崎市北原町15-1,,元AMペペ北原店？,36.4068087,139.027339
榛名スポーツセンター,高崎市中里見町173-1,パワーセンター向かい側,,36.3687717,138.9051253
わくわくらんど,高崎市中里見町373,はるなパワーセンター内,,36.3705798,138.9047947
めだまや高崎店,高崎市江木町30-1,高崎駅東口すぐ,,36.3273285,139.0240168
万代書店高崎店,高崎市上中居町239-2,,プライズマシン多数,36.3202788,139.0279695
アピナ太田店,太田市内ヶ島町907-1,富士重工近く,大；バッティングセンター併設,36.2829707,139.3984248
エブリデイ太田店,太田市飯田町1404-1 ドン・キホーテ太田店,,プライズマシンのみ,36.2936347,139.3774249
ユーズランド太田店,太田市石原町81,イオンモール太田 ２Ｆ,,36.2940446,139.400463
モーリーファンタジー,太田市石原町81,イオンモール太田,,36.2940446,139.400463
群馬レジャーランド太田店,太田市西矢島町162-2,国道407号沿い,,36.2681135,139.3759076
セガワールド太田,太田市西矢島575-1,,,36.274549,139.3776712
オレンジハット沖の郷店,太田市沖之郷町447-3,,,36.295003,139.4363203
ワンダーランド薮塚店,太田市大原町1267-3,,,36.3663271,139.2793488
薮塚バッティングセンター,太田市大原町2256-6,大原交差点そば,,36.3598106,139.2704387
サカタ新田店,太田市新田村田町271,前橋館林線「村田」信号近く,,36.3041701,139.3137256
こころっこ新田店,太田市新田市野井町592-13ニコモール新田店内,,,36.303842,139.301777
太田バッティングセンター,太田市高林東町１６７５,,,36.25714500000001,139.3776666
アミュージアム伊勢崎店,伊勢崎市連取町1507 イトーヨーカドー伊勢崎店2階,,,36.316284,139.181847
インターワールド伊勢崎店,伊勢崎市宮子町3425-4,伊勢崎オートレース向かい,,36.3315084,139.1624845
namco伊勢崎店,伊勢崎市宮子町3402-6,サントノーレそば,旧：伊勢崎ナムコランド店,36.3304557,139.1642427
群馬レジャーランド伊勢崎店,伊勢崎市連取町3066-1,トイザらス近く,,36.318282,139.1723119
ワンダーランド２,伊勢崎市東小保方町3464,県道伊勢崎足利線沿い,,36.3284856,139.2478694
アクツベンディングサービス,伊勢崎市東小保方町1225-1,県道伊勢崎足利線沿い,,36.33257400000001,139.245639
あそびのくに,伊勢崎市中央町19-1,ベイシア内,,36.3193269,139.1983697
あそびの国伊勢崎西部店,伊勢崎市宮子町3423-15,ベイシア内,,36.3299946,139.1616486
プレイセブン,伊勢崎市境上淵名1102-19,県道2号前橋館林線沿い、旧オレンジハット上淵名店,,36.3145595,139.2484115
オレンジハット茂呂店,伊勢崎市茂呂1423,,,36.3050623,139.2090244
万代書店伊勢崎店,伊勢崎市連取町868-1,,プライズマシン多い,36.3150103,139.1784502
モーリーファンタジー,伊勢崎市宮子町3556番地1 MrMax,,,36.3292948,139.1511672
ドリームスタジアムバッティングセンター,伊勢崎市連取町３０９３−１６,,,36.3134437,139.1741175
CINEMA&GAMESプレビ劇場,伊勢崎市西小保方町368 スマーク伊勢崎,,,36.3399969,139.2315012
ハローズガーデン 伊勢崎東店,伊勢崎市三室町5330 アピタ伊勢崎東店,,,36.329079,139.233804
新町オートレストラン,藤岡市立石638-1,国道17号,オレンジハット新町の向い&br看板にSEGAとある,36.2844465,139.081307
オレンジハット新町店,藤岡市立石635,国道17号線沿い藤岡IC近く,,36.2840965,139.0807904
MMC藤岡,藤岡市本郷小里1773-3,,,36.237037,139.0767416
群馬レジャーランド藤岡店,藤岡市中2002-1 pit100 2F,藤岡ＩＣそば,,36.274073,139.071737
ハローズガーデン,藤岡市藤岡416-4,ピアゴ藤岡店,旧にこにこらんど,36.2454529,139.081652
ピンクボム藤岡店,藤岡市藤岡892-1,GEO横,,36.2516745,139.077669
ファンタジーランド ガルー,館林市楠町3648-1,アゼリアモールB館2階,,36.2415748,139.5691603
セガワールド館林,館林市小桑原町949-1,文真堂書店隣,,36.2352575,139.5205366
関東スポーツセンター,館林市近藤町840,館林ICより館林市内方面2km,,36.2412388,139.4999188
ピンクボム桐生店,桐生市相生町5-472-1,ファミリーBOOK？,,36.4161579,139.2890835
フィーバー２,桐生市巴町2-1114-1,,,36.4098902,139.3323734
フィーバー３,桐生市境野町6-491-1,,,36.38458430000001,139.356403
ぷれいらんど373,桐生市永楽町5-10,MEGAドン・キホーテ内,,36.4126343,139.3357175
ドリームたいむ,新里村新川173-5,73号線沿い,,0.0,0.0
セガワールド沼田,沼田市下久屋町1100-1,沼田ＩＣそば,,36.65696490000001,139.0776936
ファミリーワールド,沼田市下之町888,グリーンベル21内,,36.6439855,139.0428054
なんでもLAND,渋川市八木原1364,国道17号半田北信号を西へ,今はレジャランになってます,36.4742031,139.0153807
ファンタジーランド ガルー,渋川市渋川1815-42,サティ内,,36.4934147,139.0058615
ホワイトボックス,渋川市上白井2216-2,国道17号上白井小近く,小,36.5538919,139.0311185
山仁屋,渋川市伊香保町伊香保61,,,36.4974318,138.9174415
こがね,渋川市伊香保町伊香保65,,,36.4972818,138.9171999
柳香軒,渋川市伊香保町伊香保70,,,36.4978373,138.9167083
ワカサヤ遊技場,渋川市伊香保町伊香保131,,,36.4977901,138.9180193
伊香保ガーデン,渋川市伊香保町,,,36.4980845,138.9178276
ベルパーク,安中市原市362,国道18号沿い,,36.3191624,138.8771223
オートレスト越中屋,安中市郷原250,国道18号沿い,,36.3080711,138.8485473
AMペペ松井田店,安中市松井田町新堀1449-1,,,36.3185472,138.7958021
フィーバータウン,みどり市笠懸町阿左美1275,,,36.3924194,139.3048849
オアシス,みどり市笠懸町阿佐美1843-4,岩宿遺跡近く,？,36.408381,139.2869534
宝島 大間々店,みどり市大間々町大間々40-218 さくらもーる2F,,,36.4138785,139.2815473
わくわくらんど大間々,みどり市大間々町大間々401-1,ショッピングプラザ内,,36.4172855,139.285781
（株）奥利根館,利根郡みなかみ町大穴甲丑,,,36.7964314,138.987381
かめや遊技場,利根郡みなかみ町湯原721,,7号の可能性あり,36.7688814,138.9705309
松竹遊技場,利根郡みなかみ町湯原722,,7号の可能性あり,36.7687259,138.9705809
アイリス遊技場,利根郡みなかみ町湯原809,,7号の可能性あり,36.7696313,138.9700087
（株）草津ナウリゾートホテル,吾妻郡草津町草津白根７５０,,,36.6285082,138.5940112
中之条パーク,吾妻郡中之条町中之条９３７,,7号の可能性あり,36.5898925,138.8409863
柳屋遊技場,吾妻郡中之条町大字四万4145,,7号の可能性あり,36.6864145,138.7752735
吉田屋遊技場,吾妻郡中之条町大字四万4145,,↑と同じ住所だが？7号の可能性あり,36.6864145,138.7752735
WING玉村店,佐波郡玉村町板井1331,国道354線沿い,,36.3145702,139.1024175
ルパン122,邑楽郡邑楽町中野1593,国道122号沿い,小,36.26987,139.459416
カーニバル中野店,邑楽郡邑楽町中野2995-2,,ファミリーブック？,36.2630515,139.4647131
館林ドライブイン,邑楽郡邑楽町中野3543,国道122号沿い,小,36.2702204,139.4741064
ジャンボリー,邑楽郡邑楽町中野4435,カムル内,,36.2627158,139.4745539
ルパンオーラ,邑楽郡邑楽町狸塚３３４,,？,36.2427291,139.468136
ドライブインレスト,邑楽郡大泉町寄木戸7-8,いずみ公園前,,36.24491829999999,139.3881222
カーニバル板倉店,邑楽郡板倉町大字岩田1329,フジマート内？,,36.2238772,139.5917787
ウェアハウス三橋店,さいたま市西区三橋6-955-1,R17新大宮バイパスより,三橋6丁目交差点入る,35.9158957,139.59574
モーリーファンタジー大宮西店,さいたま市西区三橋6-607-13 イオン大宮西店4F,R17新大宮バイパスより,旧ファンタジーアイランド大宮店,35.917994,139.589601
namcoステラタウン店,さいたま市北区宮原町1-1-1 ステラタウン3F,今羽駅,旧：NLさいたまステラタウン,35.9327191,139.6225141
モーリーファンタジー大宮店,さいたま市北区櫛引町2丁目574-1 イオン大宮店3F,鉄道博物館駅,旧ポップンパーク大宮サティ店,35.9232521,139.6096713
キャロム大宮,さいたま市大宮区仲町1-17　大東商事仲町ビル1F/B1F,大宮駅東口,,35.904816,139.6254819
Spica 大宮南銀店,さいたま市大宮区仲町1-57,大宮駅東口,実質上はGG大宮店の移設だが店舗は別,35.9052095,139.6260124
ラウンドワン大宮店,さいたま市大宮区宮町4-90-7,大宮駅東口,,35.9108697,139.6254346
タイトーステーション大宮店,さいたま市大宮区大門町1-1,大宮駅東口,,35.9064371,139.6254235
GIGA大宮,さいたま市大宮区上小町639,,,35.9002708,139.6076419
キャラポートさいたま新都心,さいたま市大宮区吉敷町4-267-2コクーン新都心西館1F,,,35.8964547,139.6353694
モーリーファンタジー東大宮店,さいたま市見沼区春野2-8パトリア東大宮店3F,R16,旧らんらんランド,35.9569511,139.6593188
セガ与野,さいたま市中央区本町西5-2-9 イオンモール与野3F（北側）,R17/北与野駅,旧セガスタジアムイオン与野,35.8909133,139.6148795
モーリーファンタジー与野店,さいたま市中央区本町西5-2-9 イオンモール与野3F（南側）,R17/北与野駅,キッズゲーム中心,35.8909133,139.6148795
ハローズガーデン西浦和店,さいたま市桜区田島5-18-15ダイエー西浦和店3F,西浦和駅,,35.844966,139.6301468
アミューズメントクラブ浦和店,さいたま市浦和区仲町1-10-7,浦和駅,,35.86026,139.6535399
プレイスポットビッグワン セカンド,さいたま市南区南浦和2－27－12 アビアントビル2F,南浦和駅,2012/12/15open,35.848809,139.670393
丸広南浦和店,さいたま市南区南本町1-7-4,南浦和駅,,35.846406,139.6674668
ベネクス 浦和店,さいたま市南区辻7-2-8,R17,,35.834549,139.6681004
新宝島浦和美園店,さいたま市緑区大字大門3710イオンモール浦和美園2F,浦和美園駅,旧：マリオファクトリー浦和美園,35.8907298,139.7312946
ぷれいらんど373浦和店,さいたま市緑区原山4丁目3-3 サンシティ長崎屋浦和店,R463,,35.8708253,139.6745418
ウェアハウス岩槻,さいたま市岩槻区加倉3-3-63,R16/R122/岩槻駅,,35.9411117,139.6860927
あひるのたまご岩槻,さいたま市岩槻区本丸3-20-53マミーマート岩槻店内,,,35.954609,139.707849
